1,https://www.adoptapet.com/public/apis/pet_list.html
2,https://theaxolotlapi.netlify.app/
3,https://alexwohlbruck.github.io/cat-facts/
4,https://cataas.com/
5,https://docs.thecatapi.com/
6,https://dukengn.github.io/Dog-facts-API/
7,https://kinduff.github.io/dog-api/
8,https://dog.ceo/dog-api/
9,https://documenter.getpostman.com/view/664302/S1ENwy59
10,https://www.fishwatch.gov/developers
11,https://http.cat/
12,https://http.dog/
13,http://apiv3.iucnredlist.org/api/v3/docs
14,https://github.com/wh-iterabb-it/meowfacts
15,https://github.com/movebank/movebank-api-doc
16,https://www.petfinder.com/developers/
17,https://placebear.com/
18,https://place.dog
19,https://placekitten.com/
20,https://random.dog/woof.json
21,https://random-d.uk/api
22,https://randomfox.ca/floof/
23,https://userguide.rescuegroups.org/display/APIDG/API+Developers+Guide+Home
24,http://shibe.online/
25,https://thedogapi.com/
26,https://xeno-canto.org/explore/api
27,https://zoo-animal-api.herokuapp.com/
28,https://aniapi.com/docs/
29,https://wiki.anidb.net/HTTP_API_Definition
30,https://github.com/AniList/ApiV2-GraphQL-Docs
31,https://github.com/RocktimSaikia/anime-chan
32,https://chandan-02.github.io/anime-facts-rest-api/
33,https://www.animenewsnetwork.com/encyclopedia/api.php
34,https://catboys.com/api
35,https://danbooru.donmai.us/wiki_pages/help:api
36,https://jikan.moe
37,https://kitsu.docs.apiary.io/
38,https://api.mangadex.org/docs.html
39,https://rapidapi.com/pierre.carcellermeunier/api/mangapi3/
40,https://myanimelist.net/clubs.php?cid=13727
41,https://docs.nekos.best
42,https://shikimori.one/api/doc
43,https://ghibliapi.herokuapp.com
44,https://soruly.github.io/trace.moe-api/#/
45,https://waifu.im/docs
46,https://waifu.pics/docs
47,https://docs.abuseipdb.com/
48,https://otx.alienvault.com/api
49,https://capev2.readthedocs.io/en/latest/usage/api.html
50,https://developers.google.com/safe-browsing/
51,https://maldatabase.com/api-doc.html
52,https://malshare.com/doc.php
53,https://bazaar.abuse.ch/api/
54,https://metacert.com/
55,https://rapidapi.com/Amiichu/api/exerra-phishing-check/
56,https://phisherman.gg/
57,https://docs.scanii.com/
58,https://urlhaus-api.abuse.ch/
59,https://urlscan.io/about-api/
60,https://www.virustotal.com/en/documentation/public-api/
61,https://support.mywot.com/hc/en-us/sections/360004477734-API-
62,https://api.amethyste.moe/
63,https://api.artic.edu/docs/
64,http://colormind.io/api-access/
65,http://www.colourlovers.com/api
66,https://collection.cooperhewitt.org/api
67,https://developer.dribbble.com
68,https://github.com/cheatsnake/emojihub
69,https://pro.europeana.eu/resources/apis/search
70,https://github.com/harvardartmuseums/api-docs
71,https://icon.horse
72,https://developer.iconfinder.com
73,https://img.icons8.com/
74,https://lordicon.com/
75,https://metmuseum.github.io/
76,http://api.thenounproject.com/index.html
77,https://php-noise.com/
78,https://pixelencounter.com/api
79,https://data.rijksmuseum.nl/object-metadata/api/
80,https://wordcloudapi.com/
81,https://x-colors.herokuapp.com/
82,https://auth0.com
83,https://otp.dev/en/docs/
84,https://m3o.com/user
85,https://mojoauth.com
86,https://sawolabs.com
87,https://stytch.com/
88,https://warrant.dev/
89,https://graphql.bitquery.io/ide
90,https://chain.link/developer-resources
91,https://tierion.com/chainpoint/
92,https://www.covalenthq.com/docs/api/
93,https://etherscan.io/apis
94,https://docs.helium.com/api/blockchain/introduction/
95,https://nownodes.io/
96,https://developers.steem.io/
97,https://thegraph.com
98,https://walltime.info/api.html
99,https://docs.watchdata.io
100,https://www.abibliadigital.com.br/en
101,https://docs.bhagavadgitaapi.in
102,https://bhagavadgita.io/api
103,https://gita-api.vercel.app
104,https://bible-api.com/
105,http://bnb.data.bl.uk/
106,https://github.com/CrossRef/rest-api-doc
107,https://api.ganjoor.net
108,https://developers.google.com/books/
109,https://github.com/GurbaniNow/api
110,https://gutendex.com/
111,https://openlibrary.org/developers/api
112,http://www.penguinrandomhouse.biz/webservices/rest/
113,https://github.com/thundercomb/poetrydb#readme
114,https://quran.api-docs.io/
115,https://alquran.cloud/api
116,https://github.com/fawazahmed0/quran-api#readme
117,https://aninditabasu.github.io/indica/html/rv.html
118,https://docs.api.bible
119,https://api-thirukkural.web.app/
120,https://aninditabasu.github.io/indica/html/vs.html
121,https://wizard-world-api.herokuapp.com/swagger/index.html
122,https://wolnelektury.pl/api/
123,https://superset.apache.org/docs/api
124,http://charityapi.orghunter.com/
125,https://clearbit.com/docs#logo-api
126,https://domainsdb.info/
127,https://developers.freelancer.com
128,https://developers.google.com/gmail/api/
129,https://developers.google.com/analytics/
130,https://instatus.com/help/api
131,https://mailchimp.com/developer/
132,https://www.mailjet.com/
133,https://markerapi.com
134,https://api.orb-intelligence.com/docs/
135,https://redash.io/help/user-guide/integrations-and-api/api
136,https://smartsheet.redoc.ly/
137,https://developer.squareup.com/reference/square
138,https://www.digite.com/knowledge-base/swiftkanban/article/api-for-swift-kanban-web-services/#restapi
139,https://tenders.guru/hu/api
140,https://tenders.guru/pl/api
141,https://tenders.guru/ro/api
142,https://tenders.guru/es/api
143,https://tenders.guru/ua/api
144,https://tomba.io/api
145,https://developers.trello.com/
146,https://www.abstractapi.com/holidays-api
147,https://calendarific.com/
148,https://apilayer.com/marketplace/checkiday-api
149,http://calapi.inadiutorium.cz/
150,https://svatky.adresa.info
151,https://docs.getfestivo.com/docs/products/public-holidays-api/intro
152,https://developers.google.com/google-apps/calendar/
153,https://www.hebcal.com/home/developer-apis
154,https://holidayapi.com/
155,http://www.lectserve.com
156,https://date.nager.at
157,https://nameday.abalin.net
158,https://github.com/gadael/icsdb
159,https://isdayoff.ru
160,https://github.com/egno/work-calendar
161,https://www.gov.uk/bank-holidays.json
162,https://anonfiles.com/docs/api
163,https://bayfiles.com/docs/api
164,https://developer.box.com/
165,https://ddownload.com/api
166,https://www.dropbox.com/developers
167,https://www.file.io
168,https://www.filestack.com
169,https://gofile.io/api
170,https://developers.google.com/drive/
171,https://gyazo.com/api/docs
172,https://api.imgbb.com/
173,https://developer.microsoft.com/onedrive
174,https://getpantry.cloud/
175,https://pastebin.com/doc_api
176,https://docs.pinata.cloud/
177,https://quip.com/dev/automation/documentation
178,https://docs.storj.io/dcs/
179,https://0x0.st
180,https://web3.storage/
181,https://docs.microsoft.com/en-us/rest/api/resourcehealth
182,https://api-docs.bitrise.io/
183,https://buddy.works/docs/api/getting-started/overview
184,https://circleci.com/docs/api/v1-reference/
185,https://docs.cloudbees.com/docs/cloudbees-codeship/latest/api-overview/
186,https://docs.travis-ci.com/api/
187,https://0x.org/api
188,https://1inch.io/api/
189,https://docs.alchemy.com/alchemy/
190,https://coinlayer.com
191,https://github.com/binance/binance-spot-api-docs
192,https://nova.bitcambio.com.br/api/v3/docs#a-public
193,https://apiv2.bitcoinaverage.com/
194,https://bitcoincharts.com/about/exchanges/
195,https://docs.bitfinex.com/docs
196,https://www.bitmex.com/app/apiOverview
197,https://bittrex.github.io/api/v3
198,https://block.io/docs/basic
199,https://www.blockchain.com/api
200,https://blockfrost.io/
201,https://bravenewcoin.com/developers
202,https://docs.btcturk.com/
203,https://bybit-exchange.github.io/docs/linear/#t-introduction
204,https://docs.coinapi.io/
205,https://developers.coinbase.com
206,https://docs.pro.coinbase.com/#api
207,https://docs.coincap.io/
208,https://docs.coindcx.com/
209,https://old.coindesk.com/coindesk-api/
210,http://www.coingecko.com/api
211,https://coinigy.docs.apiary.io
212,https://coinlib.io/apidocs
213,https://www.coinlore.com/cryptocurrency-data-api
214,https://coinmarketcap.com/api/
215,https://api.coinpaprika.com
216,https://developers.coinranking.com/api/documentation
217,https://coinremitter.com/docs
218,https://documenter.getpostman.com/view/5734027/RzZ6Hzr3?version=latest
219,https://docs.cryptapi.io/
220,https://www.cryptingup.com/apidoc/#introduction
221,https://www.cryptocompare.com/api#
222,https://api.exchange.cryptomkt.com/
223,https://www.cryptonator.com/api/
224,https://docs.dydx.exchange/
225,https://github.com/EverexIO/Ethplorer/wiki/Ethplorer-API
226,https://documenter.getpostman.com/view/10287440/SzYXWKPi
227,https://docs.ftx.com/
228,https://www.gate.io/api2
229,https://docs.gemini.com/rest-api/
230,https://rates.hirak.site/
231,https://huobiapi.github.io/docs/spot/v1/en/
232,https://developers.icy.tools/
233,https://github.com/btcid/indodax-official-api-docs
234,https://infura.io/product/ethereum
235,https://docs.kraken.com/rest/
236,https://docs.kucoin.com/
237,https://localbitcoins.com/api-docs/
238,https://mempool.space/api
239,https://www.mercadobitcoin.com.br/api-doc/
240,https://messari.io/api
241,https://nexchange2.docs.apiary.io/
242,https://nomics.com/docs/
243,https://doc.novadax.com/en-US/#introduction
244,https://www.okex.com/docs/
245,https://docs.poloniex.com
246,https://docs.solana.com/developing/clients/jsonrpc-api
247,https://technical-analysis-api.com
248,https://docs.valr.com/
249,https://www.worldcoinindex.com/apiservice
250,https://zmok.io
251,https://1forge.com/forex-data-api/api-documentation
252,https://www.amdoren.com/currency-api/
253,https://fixer.io
254,https://www.cbr.ru/development/SXML/
255,https://github.com/fawazahmed0/currency-api#readme
256,https://currencyfreaks.com/
257,https://currencylayer.com/documentation
258,https://currencyscoop.com/api-documentation
259,https://www.cnb.cz/cs/financni_trhy/devizovy_trh/kurzy_devizoveho_trhu/denni_kurz.xml
260,https://docs.awesomeapi.com.br/api-de-moedas
261,https://www.exchangerate-api.com
262,https://exchangerate.host
263,https://exchangeratesapi.io
264,https://www.frankfurter.app/docs
265,https://freeforexapi.com/Home/Api
266,http://api.nbp.pl/en.html
267,https://www.vatcomply.com/documentation
268,https://lob.com/
269,https://www.postman-echo.com
270,http://www.purgomalum.com
271,https://www.smarty.com/docs/cloud/us-autocomplete-pro-api
272,https://www.smarty.com/products/apis/us-extract-api
273,https://www.smarty.com/docs/cloud/us-street-api
274,https://vatlayer.com/documentation
275,https://24pullrequests.com/api
276,https://www.abstractapi.com/website-screenshot-api
277,https://agify.io
278,https://apigratis.com.br/
279,https://www.apicagent.com
280,https://apiflash.com/
281,https://userstack.com/
282,https://apis.guru/api-doc/
283,https://docs.microsoft.com/en-us/rest/api/azure/devops
284,https://www.base-api.io/
285,https://beeceptor.com/
286,https://developer.atlassian.com/bitbucket/api/2/reference/
287,https://blague.xyz/
288,https://blitapp.com/api/
289,https://blynkapi.docs.apiary.io/#
290,https://www.boredapi.com/
291,https://brainshop.ai/
292,https://browshot.com/api/documentation
293,https://api.cdnjs.com/libraries/jquery
294,https://changelogs.md
295,https://github.com/polarspetroll/ciprand
296,https://github.com/fawazahmed0/cloudflare-trace-api
297,https://github.com/Jaagrav/CodeX
298,https://www.contentful.com/developers/docs/references/images-api/
299,https://github.com/burhanuday/cors-proxy
300,https://countapi.xyz
301,https://docs.databricks.com/dev-tools/api/latest/index.html
302,https://status.digitalocean.com/api
303,https://docs.docker.com/docker-hub/api/latest/
304,https://api.domainsdb.info/
305,https://extendsclass.com/json-storage.html
306,https://apidocs.geekflare.com/docs/geekflare-api
307,https://genderize.io
308,https://www.getping.info
309,https://ghost.org/
310,https://docs.github.com/en/free-pro-team@latest/rest
311,https://docs.gitlab.com/ee/api/
312,https://developer.gitter.im/docs/welcome
313,https://developers.glitterly.app
314,https://developers.google.com/docs/api/reference/rest
315,https://firebase.google.com/docs
316,https://developers.google.com/fonts/docs/developer_api
317,https://developers.google.com/keep/api/reference/rest
318,https://developers.google.com/sheets/api/reference/rest
319,https://developers.google.com/slides/api/reference/rest
320,https://gorest.co.in/
321,https://hasura.io/opensource/
322,https://devcenter.heroku.com/articles/platform-api-reference/
323,https://host-t.com
324,https://host.io
325,https://http2.pro/doc/api
326,https://httpbin.org/
327,https://cloudflare-quic.com/b/
328,https://hunter.io/api
329,https://cloud.ibm.com/docs/text-to-speech/getting-started.html
330,https://icanhazepoch.com
331,https://major.io/icanhazip-com-faq/
332,https://platform.ifttt.com/docs/connect_api
333,https://documentation.image-charts.com/
334,http://api.docs.import.io/
335,https://ip-fast.com/docs/
336,https://www.ip2whois.com/
337,https://ipfind.io
338,https://www.ipify.org/
339,https://ipinfo.io/developers
340,https://github.com/jsdelivr/data.jsdelivr.com
341,https://json2jsonp.com/
342,https://jsonbin.io
343,https://kroki.io
344,https://github.com/cmccandless/license-api/blob/master/README.md
345,https://logs.to/
346,https://lua-decompiler.ferib.dev/
347,https://macaddress.io/api
348,https://m3o.com/db
349,https://microenv.com/
350,https://designer.mocky.io/
351,https://www.myip.com/api-docs/
352,https://nationalize.io
353,https://docs.netlify.com/api/get-started/
354,https://networkcalc.com/api/docs
355,https://github.com/npm/registry/blob/master/docs/REGISTRY-API.md
356,https://documentation.onesignal.com/docs/onesignal-api
357,https://www.domcop.com/openpagerank/
358,https://hub.openapihub.com/
359,https://opengraphr.com/docs/1.0/overview
360,https://oyyi.xyz/docs/1.0
361,https://pagecdn.com/docs/public-api
362,https://www.postman.com/postman/workspace/postman-public-workspace/documentation/12959542-c8142d51-e97c-46b6-bd77-52bb66712c9a
363,https://proxycrawl.com
364,https://proxykingdom.com
365,https://pusher.com/beams
366,https://www.qrtag.net/api/
367,http://goqr.me/api/
368,https://www.qrcode-monkey.com/qr-code-api-with-logo/
369,https://quickchart.io/
370,https://api-docs.pgamerx.com/
371,https://rejax.io/
372,https://reqres.in/ 
373,https://rss-to-json-serverless-api.vercel.app
374,https://www.savepage.io
375,https://scrapeninja.net
376,https://www.scraperapi.com
377,https://scraperbox.com/
378,https://scrapestack.com/
379,https://scrapingant.com
380,https://www.scrapingdog.com/
381,https://screenshotapi.net/
382,https://color.serialif.com/
383,https://serpstack.com/
384,https://sheetsu.com/
385,http://shoutcloud.io/
386,https://github.com/Cgboal/SonarSearch
387,https://sonarcloud.io/web_api
388,https://api.stackexchange.com/
389,https://statically.io/
390,https://developers.supportivekoala.com/
391,https://tyk.io/open-source/
392,https://github.com/melpon/wandbox/blob/master/kennel2/API.rst
393,https://webscraping.ai/
394,https://www.zenrows.com/
395,http://ccdb.hemiola.com/
396,https://ctext.org/tools/api
397,https://api.collinsdictionary.com/api/v1/documentation/html/
398,https://dictionaryapi.dev/
399,https://new-kbbi-api.herokuapp.com/
400,https://www.linguarobot.io
401,https://dictionaryapi.com/
402,https://owlbot.info/
403,https://developer.oxforddictionaries.com/
404,https://www.synonyms.com/synonyms_api.php
405,https://en.wiktionary.org/w/api.php
406,https://developer.wordnik.com
407,https://www.wordsapi.com/docs/
408,https://airtable.com/api
409,https://www.api2convert.com/
410,https://pdflayer.com
411,https://developers.asana.com/docs
412,https://clickup.com/api
413,https://clockify.me/developers-api 
414,https://cloudconvert.com/api/v2
415,https://cloudmersive.com/convert-api
416,https://codestats.net/api-docs
417,https://craftmypdf.com
418,https://docs.flowdash.com/docs/api-introduction
419,https://html2pdf.app/
420,https://developer.ilovepdf.com/
421,https://developer.atlassian.com/server/jira/platform/rest-apis/
422,https://api.mattermost.com/
423,https://mercury.postlight.com/web-parser/
424,https://api.developer.monday.com/docs
425,https://developers.notion.com/docs/getting-started
426,https://developers.pandadoc.com
427,https://getpocket.com/developer/
428,https://developers.podio.com
429,https://prexview.com
430,https://restpack.io/
431,https://developer.todoist.com
432,https://apilayer.com/marketplace/image_enhancement-api
433,https://vector.express
434,https://wakatime.com/developers
435,https://zube.io/docs/api
436,https://www.abstractapi.com/email-verification-validation-api
437,https://mailboxlayer.com
438,https://cloudmersive.com/validate-api
439,https://www.disify.com/
440,https://dropmail.me/api/#live-demo
441,https://eva.pingutil.com/
442,https://www.guerrillamail.com/GuerrillaMailAPI.html
443,https://improvmx.com/api
444,https://open.kickbox.com/
445,https://docs.mail.gw
446,https://docs.mail.tm
447,https://www.mailboxvalidator.com/api-email-free
448,https://www.mailcheck.ai/#documentation
449,https://mailtrap.docs.apiary.io/#
450,https://docs.sendgrid.com/api-reference/
451,https://developers.sendinblue.com/docs
452,https://verifier.meetchopra.com/docs#/
453,https://api.chucknorris.io
454,https://github.com/sameerkumar18/corporate-bs-generator-api
455,https://excuser.herokuapp.com/
456,https://api.aakhilv.me
457,https://imgflip.com/api
458,https://mememaker.github.io/API/
459,https://github.com/theIYD/NaMoMemes
460,https://uselessfacts.jsph.pl/
461,https://techy-api.vercel.app/
462,https://github.com/beanboi7/yomomma-apiv2
463,https://docs.breezometer.com/api-documentation/pollen-api/v2/
464,https://docs.carboninterface.com/
465,https://docs.climatiq.io
466,https://www.cloverly.com/carbon-offset-documentation
467,https://co2offset.io/api.html
468,https://www.energidataservice.dk/
469,https://gruenstromindex.de/
470,https://www.iqair.com/air-pollution-data-api
471,https://api-docs.luchtmeetnet.nl/
472,https://data.nationalgrideso.com/
473,https://docs.openaq.org/
474,https://pm25.lass-net.org/#apis
475,http://www.pm25.in/api_doc
476,https://developer.nrel.gov/docs/solar/pvwatts/v6/
477,https://srpenergy-api-client-python.readthedocs.io/en/latest/api.html
478,https://carbon-intensity.github.io/api-definitions/#carbon-intensity-api-v1-0-0
479,https://api.websitecarbon.com/
480,https://www.eventbrite.com/platform/api/
481,https://platform.seatgeek.com/
482,http://developer.ticketmaster.com/products-and-docs/apis/getting-started/
483,https://www.abstractapi.com/vat-validation-rates-api
484,https://aletheiaapi.com/
485,https://alpaca.markets/docs/api-documentation/api-v2/market-data/alpaca-data-api-v2/
486,https://www.alphavantage.co/
487,https://marketstack.com/
488,https://developers.bb.com.br/home
489,https://apilayer.com/marketplace/bank_data-api
490,https://www.billplz.com/api
491,https://binlist.net/
492,https://boleto.cloud/
493,https://sandbox.developerhub.citi.com/api-catalog-list
494,https://www.econdb.com/api/
495,https://fiscaldata.treasury.gov/api-documentation/
496,https://finage.co.uk
497,https://site.financialmodelingprep.com/developer/docs
498,https://finnhub.io/docs/api
499,https://fred.stlouisfed.org/docs/api/fred/
500,https://frontaccounting.com/fawiki/index.php?n=Devel.SimpleAPIModule
501,https://hotstoks.com?utm_source=public-apis
502,https://iexcloud.io/docs/api/
503,https://labs.ig.com/gettingstarted
504,https://www.mfapi.in/
505,https://intrinio.com/
506,https://docs.klarna.com/klarna-payments/api/payments-api/
507,https://www.mercadopago.com.br/developers/es/reference
508,https://mono.co/
509,https://docs.moov.io/api/
510,https://nordigen.com/en/account_information_documenation/integration/quickstart_guide/
511,https://www.openfigi.com/api
512,https://plaid.com/
513,https://polygon.io/
514,https://portfoliooptimizer.io/
515,https://razorpay.com/docs/
516,https://github.com/Real-time-finance/finance-websocket-API/
517,https://www.sec.gov/edgar/sec-api-documentation
518,https://smartapi.angelbroking.com/
519,https://www.StockData.org
520,https://www.Styvio.com
521,https://apilayer.com/marketplace/tax_data-api
522,https://developer.tradier.com
523,https://twelvedata.com/
524,https://dashboard.nbshare.io/apps/reddit/api/
525,https://www.yahoofinanceapi.com/
526,https://api.youneedabudget.com/
527,https://www.zoho.com/books/api/v3/
528,https://baconmockup.com/
529,https://chompthis.com/api/
530,https://coffee.alexflipnote.dev/
531,https://developer.edamam.com/edamam-docs-nutrition-api
532,https://developer.edamam.com/edamam-docs-recipe-api
533,https://github.com/surhud004/Foodish#readme
534,https://www.fruityvice.com
535,https://developer.kroger.com/reference
536,https://lcboapi.com/
537,https://www.openbrewerydb.org
538,https://world.openfoodfacts.org/data
539,https://punkapi.com/
540,https://rustybeer.herokuapp.com/
541,https://spoonacular.com/food-api
542,https://api-portal.systembolaget.se
543,https://github.com/evz/tacofancy-api
544,https://rapidapi.com/apidojo/api/tasty/
545,https://github.com/andyklimczak/TheReportOfTheWeek-API
546,https://www.thecocktaildb.com/api.php
547,https://www.themealdb.com/api.php
548,https://untappd.com/api/docs
549,http://nypl.github.io/menus-api/
550,https://whiskyhunter.net/api/
551,https://zestfuldata.com/
552,https://age-of-empires-2-api.herokuapp.com
553,https://amiiboapi.com/
554,http://acnhapi.com/
555,https://github.com/didadadida93/autochess-vng-api
556,https://github.com/bartervg/barter.vg/wiki
557,https://develop.battle.net/documentation/guides/getting-started
558,https://boardgamegeek.com/wiki/page/BGG_XML_API2
559,https://developer.brawlstars.com
560,https://www.bugsnaxapi.com/
561,https://www.cheapshark.com/api
562,https://www.chess.com/news/view/published-data-api
563,http://www.icndb.com/api/
564,https://developer.clashofclans.com
565,https://developer.clashroyale.com
566,https://comicvine.gamespot.com/api/documentation
567,https://crafatar.com
568,https://crossuniverse.psychpsyo.com/apiDocs.html
569,http://deckofcardsapi.com/
570,https://bungie-net.github.io/multi/index.html
571,https://digimon-api.vercel.app/
572,https://documenter.getpostman.com/view/14059948/TzecB4fH
573,https://disneyapi.dev
574,https://docs.opendota.com/
575,https://www.dnd5eapi.co/docs/
576,https://open5e.com/
577,https://esi.evetech.net/ui
578,https://ffxivcollect.com/
579,https://www.easports.com/fifa/ultimate-team/api/fut/item
580,https://xivapi.com/
581,https://fortnitetracker.com/site-api
582,https://docs.forza-api.tk
583,https://www.freetogame.com/api-doc
584,https://asli-fun-fact-api.herokuapp.com/
585,https://api.funtranslations.com/
586,https://www.gamerpower.com/api-read
587,https://gdbrowser.com/api
588,https://github.com/sameerkumar18/geek-joke-api
589,https://genshin.dev
590,https://www.giantbomb.com/api/documentation
591,https://github.com/favware/graphql-pokemon
592,https://wiki.guildwars2.com/wiki/API:Main
593,https://github.com/rubensayshi/gw2spidy/wiki
594,https://developer.haloapi.com/
595,http://hearthstoneapi.com/
596,https://rapidapi.com/Ziggoto/api/humble-bundle
597,https://humorapi.com
598,https://api.hypixel.net/
599,https://github.com/gadhagod/Hyrule-Compendium-API
600,https://hytale-api.com/
601,https://api-docs.igdb.com
602,https://sv443.net/jokeapi/v2/
603,https://jokes.one/api/joke/
604,http://jservice.io
605,https://lichess.org/api
606,http://magicthegathering.io/
607,https://mario-kart-tour-api.herokuapp.com/
608,https://developer.marvel.com
609,https://api.mcsrvstat.us
610,https://www.mmobomb.com/api
611,https://docs.mod.io
612,https://wiki.vg/Mojang_API
613,https://docs.mhw-db.com/
614,https://opentdb.com/api_config.php
615,https://developers.pandascore.co/
616,https://www.pathofexile.com/developer/docs
617,https://playerdb.co/
618,https://pokeapi.co
619,https://github.com/mazipan/graphql-pokeapi
620,https://pokemontcg.io
621,https://psychonauts-api.netlify.app/
622,https://developer.pubg.com/
623,https://github.com/deltadex7/puyodb-api-deno
624,https://quizapi.io/
625,https://raider.io/api
626,https://rawg.io/apidocs
627,https://rickandmortyapi.com
628,https://developer.riotgames.com/
629,https://rps101.pythonanywhere.com/api
630,https://runescape.wiki/w/Application_programming_interface
631,https://github.com/JessVel/sakura-card-captor-api
632,https://scryfall.com/docs/api
633,https://spacetraders.io?rel=pub-apis
634,https://steamapi.xpaw.me/
635,https://github.com/Revadike/InternalSteamWebAPI/wiki
636,https://superheroapi.com
637,https://www.tcgdex.net/docs
638,https://docs.tebex.io/plugin/
639,https://tetr.io/about/api/
640,https://www.tronalddump.io/
641,https://universalis.app/docs/index.html
642,https://valorant-api.com
643,https://api.wfstats.cf
644,https://developers.wargaming.net/
645,https://github.com/DiljotSG/MCU-Countdown/blob/develop/docs/API.md
646,https://xkcd.com/json.html
647,https://db.ygoprodeck.com/api-guide/
648,https://www.abstractapi.com/ip-geolocation-api
649,https://actinia.mundialis.de/api_docs/
650,https://github.com/kamikazechaser/administrative-divisions-db
651,https://adresse.data.gouv.fr
652,https://sys.airtel.lv/ip2country/1.1.1.1/?full=true
653,https://apiip.net/
654,https://ipstack.com/
655,http://battuta.medunes.net
656,https://www.bigdatacloud.com/ip-geolocation-apis
657,https://www.microsoft.com/maps/
658,https://www.getthedata.com/bng2latlong
659,https://github.com/M-Media-Group/Cartes.io/wiki/API
660,http://cep.la/
661,http://www.citysdk.eu/citysdk-toolkit/
662,http://country.is/
663,https://countrystatecity.in/
664,https://gis.ducks.org/datasets/du-university-chapters/api
665,https://freegeoip.app/
666,https://api.gouv.fr/api/geoapi.html
667,https://www.geoapify.com/api/geocoding-api/
668,https://www.geocod.io/
669,https://geocode.xyz/api
670,https://geocodify.com/
671,https://geodata.gov.gr/en/
672,https://www.geodatasource.com/web-service
673,http://geodb-cities-api.wirefreethought.com/
674,https://geographql.netlify.app
675,https://www.geojs.io/
676,https://geokeo.com
677,http://www.geonames.org/export/web-services.html
678,https://www.geoplugin.com
679,https://developers.google.com/earth-engine/
680,https://developers.google.com/maps/
681,https://github.com/lennertVanSever/graphcountries
682,https://fourtonfish.com/project/hellosalut-api/
683,https://developer.here.com
684,https://iplocation.hirak.site/
685,https://geodata.gov.hk/gs/
686,https://servicodados.ibge.gov.br/api/docs/
687,https://ip2country.info
688,https://ipinfo.io/
689,https://www.ipvigilante.com/
690,https://ip-api.com/docs
691,https://www.ip2location.com/web-service/ip2location
692,https://www.ip2location.com/web-service/ip2proxy
693,https://ipapi.co/api/#introduction
694,https://ipapi.com/
695,https://api.techniknews.net/ipgeo/
696,https://ipgeolocation.io/
697,https://www.ipinfodb.com/api
698,https://ipstack.com/
699,https://apis.map.kakao.com
700,https://tools.keycdn.com/geo
701,https://locationiq.org/docs/
702,https://map.longdo.com/docs/
703,https://docs.mapbox.com/
704,https://developer.mapquest.com/
705,https://github.com/IcaliaLabs/sepomex
706,https://nominatim.org/release-docs/latest/api/Overview/
707,https://www.onemap.gov.sg/docs/
708,https://onwater.io/
709,https://www.opentopodata.org
710,https://opencagedata.com
711,https://openrouteservice.org/
712,http://wiki.openstreetmap.org/wiki/API
713,https://pinballmap.com/api/v1/docs
714,https://positionstack.com/
715,https://postali.app/api
716,http://api.postcodedata.nl/v1/postcode/?postcode=1211EP&streetnumber=60&ref=domeinnaam.nl&type=json
717,https://postcodes.io
718,https://queimadas.dgi.inpe.br/queimadas/dados-abertos/
719,https://restcountries.com
720,https://www.roadgoat.com/business/cities-api
721,https://rapidapi.com/victorkarangwa4/api/rwanda
722,https://github.com/slftool/slftool.github.io/blob/master/API.md
723,https://spotsense.io/
724,https://rapidapi.com/fcambus/api/telize/
725,https://developer.tomtom.com/
726,https://uebermaps.com/api/v2
727,https://www.smarty.com/docs/cloud/us-zipcode-api
728,https://api.mapserv.utah.gov
729,https://viacep.com.br
730,https://what3words.com
731,https://yandex.com/dev/maps/geocoder
732,https://www.zipcodeapi.com
733,http://www.zippopotam.us
734,https://ziptasticapi.com/
735,https://apikijangportal.bnm.gov.my/
736,https://www.bclaws.gov.bc.ca/civix/template/complete/api/index.html
737,https://brasilapi.com.br/
738,https://dadosabertos.bcb.gov.br/
739,https://www.receitaws.com.br/
740,https://dadosabertos.camara.leg.br/swagger/api.html
741,https://www.census.gov/data/developers/data-sets.html
742,https://daten.berlin.de/
743,https://ckan.multimediagdansk.pl/en
744,http://otwartedane.gdynia.pl/en/api_doc.html
745,https://hri.fi/en_gb/
746,https://opendata.city-adm.lviv.ua/
747,https://data.nantesmetropole.fr/pages/home/
748,https://opendata.cityofnewyork.us/
749,http://opendata.praha.eu/en
750,https://open.toronto.ca/
751,https://code.gov
752,https://data.colorado.gov/
753,https://datausa.io/about/api/
754,https://api.data.gov/
755,https://explore.data.parliament.uk/?learnmore=Members
756,https://dip.bundestag.de/documents/informationsblatt_zur_dip_api_v01.pdf
757,http://opendata.dc.gov/pages/using-apis
758,https://www.epa.gov/developers/data-data-products#apis
759,https://www.fbi.gov/wanted/api
760,https://api.open.fec.gov/developers/
761,https://www.federalregister.gov/reader-aids/developer-resources/rest-api
762,http://ratings.food.gov.uk/open-data/en-GB
763,https://www.thegazette.co.uk/data
764,https://www.gunpolicy.org/api
765,http://iinei.inei.gob.pe/microdatos/
766,https://interpol.api.bund.dev/
767,https://data.ibb.gov.tr
768,https://www.nps.gov/subjects/developer/
769,https://www.data.act.gov.au/
770,https://datos.gob.ar/
771,https://www.data.gov.au/
772,https://www.data.gv.at/
773,https://data.gov.be/
774,http://open.canada.ca/en
775,https://www.dane.gov.co/
776,https://data.gov.cy/?language=en
777,https://data.gov.cz/english/
778,https://www.opendata.dk/
779,https://avaandmed.eesti.ee/instructions/opendata-dataset-api
780,https://www.avoindata.fi/en
781,https://www.data.gouv.fr/
782,https://www.govdata.de/daten/-/details/govdata-metadatenkatalog
783,https://data.gov.gr/
784,https://data.gov.in/
785,https://data.gov.ie/pages/developers
786,https://www.dati.gov.it/
787,https://www.data.go.kr/
788,https://data.gov.lt/public/api/1
789,https://data.public.lu
790,https://www.inegi.org.mx/datos/
791,https://datos.gob.mx/
792,https://data.overheid.nl/en/ondersteuning/data-publiceren/api
793,https://api.nsw.gov.au/
794,https://www.data.govt.nz/
795,https://data.norge.no/dataservices
796,https://www.datosabiertos.gob.pe/
797,https://dane.gov.pl/en
798,https://dados.gov.pt/en/docapi/
799,https://www.data.qld.gov.au/
800,http://data.gov.ro/
801,https://data.gov.sa
802,https://data.gov.sg/developer
803,https://data.gov.sk/en/
804,https://podatki.gov.si/
805,https://data.sa.gov.au/
806,https://datos.gob.es/en
807,https://www.dataportal.se/en/dataservice/91_29789/api-for-the-statistical-database
808,https://handbook.opendata.swiss/de/content/nutzen/api-nutzen.html
809,https://data.gov.tw/
810,https://data.go.th/
811,https://data.gov.uk/
812,https://www.data.gov/
813,https://www.data.vic.gov.au/
814,https://data.wa.gov.au/
815,https://api.whenisthenextboardexam.com/docs/
816,https://represent.opennorth.ca/
817,https://developer.company-information.service.gov.uk/
818,https://uselection.togatech.org/api/
819,https://www.usa.gov/developer
820,https://api.usaspending.gov/
821,https://data.cms.gov/provider-data/
822,https://pipedream.com/@pravin/http-api-for-latest-wuhan-coronavirus-data-2019-ncov-p_G6CLVM/readme
823,https://coronavirus.data.gov.uk/details/developers-guide
824,https://covidtracking.com/data/api/version-2
825,https://covid19api.com/
826,https://github.com/M-Media-Group/Covid-19-API
827,https://npgeo-corona-npgeo-de.hub.arcgis.com
828,https://covidtracker.bsg.ox.ac.uk
829,https://data.covid19india.org/
830,https://nuttaphat.com/covid19-api/
831,https://github.com/mathdroid/covid-19-api
832,https://github.com/Simperfy/Covid-19-API-Philippines-DOH
833,https://api.covid19tracker.ca/docs/1.0/overview
834,https://www.hpb.health.gov.lk/en/api-documentation
835,https://data.covid19.go.id/public/api/prov.json
836,https://covid-19.dataflowkit.com
837,https://fdc.nal.usda.gov/
838,https://www.healthcare.gov/developers/
839,https://data.humdata.org/
840,https://developer.infermedica.com/docs/
841,https://cov-spectrum.ethz.ch/public
842,https://docs.lexigram.io/
843,http://makeup-api.herokuapp.com/
844,https://documenter.getpostman.com/view/16605343/Tzm8GG7u
845,https://npiregistry.cms.hhs.gov/registry/help-api
846,https://developer.nutritionix.com/
847,https://www.opendata.nhs.scot
848,https://disease.sh/
849,https://open.fda.gov
850,https://developer.orionhealth.io/
851,https://quarantine.country/coronavirus/api/
852,https://developer.adzuna.com/overview
853,https://documenter.getpostman.com/view/18545278/UVJbJdKh
854,https://jobsuche.api.bund.dev/
855,https://www.careerjet.com/partners/api/
856,https://devitjobs.uk/job_feed.xml
857,https://findwork.dev/developers/
858,https://graphql.jobs/docs/api/
859,http://api.jobs2careers.com/api/spec.pdf
860,https://jooble.org/api/about
861,http://www.juju.com/publisher/spec/
862,https://github.com/workforce-data-initiative/skills-api/wiki/API-Overview
863,https://www.reed.co.uk/developers
864,https://www.themuse.com/developers/api/v2
865,https://developers.upwork.com/
866,https://developer.usajobs.gov/
867,https://www.whatjobs.com/affiliates
868,https://www.ziprecruiter.com/publishers
869,https://aiforthai.in.th/index.php
870,https://docs.clarifai.com/api-guide/api-overview
871,https://www.cloudmersive.com/image-recognition-and-processing-api
872,https://www.deepcode.ai
873,https://cloud.google.com/dialogflow/docs/
874,http://uttesh.com/exude-api/
875,https://faceapi.hirak.site/
876,https://imagga.com/
877,https://rapidapi.com/user/inferdo
878,https://docs.identity.ps/docs
879,https://irisnet.de/api/
880,https://keen.io/
881,https://www.machinetutors.com/portfolio/MT_api.html
882,https://messengerx.rtfd.io
883,https://nlpcloud.io
884,https://openvisionapi.com
885,https://perspectiveapi.com
886,https://universe.roboflow.com
887,https://skybiometry.com/documentation/
888,https://timedoor.io
889,https://unplu.gg/test_api.html
890,https://products.wolframalpha.com/api/
891,https://docs.7digital.com/reference
892,https://aimastering.com/api_docs/
893,https://www.audiomack.com/data-api/docs
894,https://bandcamp.com/developer
895,https://app.swaggerhub.com/apis/Bandsintown/PublicAPI/3.0.0
896,https://developers.deezer.com/api
897,https://www.discogs.com/developers/
898,https://freesound.org/docs/api/
899,https://github.com/cyberboysumanjay/GaanaAPI
900,https://docs.genius.com/
901,https://binaryjazz.us/genrenator-api/
902,https://affiliate.itunes.apple.com/resources/documentation/itunes-store-web-service-search-api/
903,https://developer.jamendo.com/v3.0/docs
904,https://github.com/cyberboysumanjay/JioSaavnAPI
905,https://developer.kkbox.com
906,https://docs.ksoft.si/api/lyrics-api
907,https://www.last.fm/api
908,https://lyricsovh.docs.apiary.io
909,https://www.mixcloud.com/developers/
910,https://musicbrainz.org/doc/Development/XML_Web_Service/Version_2
911,https://developer.musixmatch.com/
912,https://developer.napster.com/api/v2.2
913,https://openwhyd.github.io/openwhyd/API
914,https://phish.in/api-docs
915,https://api.radio-browser.info/
916,https://www.songkick.com/developer/
917,https://www.notion.so/API-d0ebe08a5e304a55928405eb682f6741
918,https://www.songsterr.com/a/wa/api/
919,https://developers.soundcloud.com/docs/api/guide
920,https://beta.developer.spotify.com/documentation/web-api/
921,https://tastedive.com/read/api
922,https://www.theaudiodb.com/api_guide.php
923,https://api.vagalume.com.br/docs/
924,https://mediastack.com/
925,https://developer.ap.org/
926,http://chroniclingamerica.loc.gov/about/api/
927,https://currentsapi.services/
928,https://github.com/feedbin/feedbin-api
929,https://gnews.io/
930,https://corona.dnsforfamily.com/api.txt
931,https://github.com/cyberboysumanjay/Inshorts-News-API
932,https://www.marketaux.com/
933,https://developer.nytimes.com/
934,https://newsapi.org/
935,https://newsdata.io/docs
936,https://rapidapi.com/machaao-inc-machaao-inc-default/api/newsx/
937,http://dev.npr.org/api/
938,https://spaceflightnewsapi.net
939,http://open-platform.theguardian.com/
940,https://github.com/theoldreader/api
941,https://www.thenewsapi.com/
942,https://trove.nla.gov.au/about/create-something/using-api
943,http://18f.github.io/API-All-the-X/
944,https://www.apisetu.gov.in/
945,https://archive.readme.io/docs
946,https://www.blackhistoryapi.io/docs
947,https://botsarchive.com/docs.html
948,https://callook.info
949,https://carto.com/
950,https://collegescorecard.ed.gov/data/
951,https://developers.enigma.com/docs
952,https://geo.api.gouv.fr/adresse
953,https://www.destatis.de/EN/Service/OpenData/api-webservice.html
954,https://api.joshuaproject.net/
955,https://www.kaggle.com/docs/api
956,https://www.linkpreview.net
957,https://github.com/0x0is1/lowy-index-api-docs
958,https://microlink.io
959,https://docs.data.nasdaq.com/
960,https://www.nobelprize.org/about/developer-zone-2/
961,https://opendata.minneapolismn.gov/
962,https://africaopendata.org/
963,http://api.opencorporates.com/documentation/API-Reference
964,https://www.opensanctions.org/docs/api/
965,https://rapidapi.com/peakmetrics-peakmetrics-default/api/peakmetrics-news
966,https://ridb.recreation.gov/
967,http://www.scoop.it/dev
968,https://dev.socrata.com/
969,https://developers.teleport.org/
970,https://opendata.umea.se/api/
971,https://github.com/Hipo/university-domains-list
972,https://data.uio.no/
973,https://upcdatabase.org/api
974,https://urbanobservatory.ac.uk
975,https://www.wikidata.org/w/api.php?action=help
976,https://www.mediawiki.org/wiki/API:Main_page
977,https://www.yelp.com/developers/documentation/v3
978,https://api.count.ly/reference
979,https://api.creativecommons.engineering/
980,https://www.datamuse.com/api/
981,https://www.drupal.org/drupalorg/docs/api
982,https://evilinsult.com/api
983,https://github-contributions.vercel.app
984,https://github.com/anuraghazra/github-readme-stats
985,https://www.metabase.com/
986,https://shields.io/
987,https://developers.epo.org/
988,https://patentsview.org/apis/purpose
989,https://tiponet.tipo.gov.tw/Gazette/OpenData/OD/OD05.aspx?QryDS=API00
990,https://www.uspto.gov/learning-and-resources/open-data-and-mobility
991,http://api.adviceslip.com/
992,https://biriyani.anoram.com/
993,https://developers.forem.com/api
994,https://github.com/fisenkodv/dictum
995,https://favqs.com/api
996,http://www.foaas.com/
997,http://forismatic.com/en/api/
998,https://icanhazdadjoke.com/api
999,https://inspiration.goprogram.ai/docs/
1000,https://kanye.rest
1001,https://kimiquotes.herokuapp.com/doc
1002,https://github.com/Medium/medium-api-docs
1003,https://github.com/skolakoda/programming-quotes-api
1004,https://github.com/lukePeavey/quotable
1005,https://pprathameshmore.github.io/QuoteGarden/
1006,https://quoteclear.web.app/
1007,https://quotesondesign.com/api/
1008,https://github.com/tlcheah2/stoic-quote-lambda-public-api
1009,https://theysaidso.com/api/
1010,https://app.traitify.com/developer
1011,https://www.udemy.com/developers/instructor/
1012,https://vadivelu.anoram.com/
1013,https://zenquotes.io/
1014,https://www.abstractapi.com/phone-validation-api
1015,https://numverify.com
1016,https://cloudmersive.com/phone-number-validation-API
1017,https://github.com/azharimm/phone-specs-api
1018,https://veriphone.io
1019,https://screenshotlayer.com
1020,https://apitemplate.io
1021,https://docs.bruzu.com
1022,https://cheetaho.com/docs/getting-started/
1023,https://dagpi.xyz
1024,https://duply.co/docs#getting-started-api
1025,https://dynapictures.com/docs/
1026,https://www.flickr.com/services/api/
1027,http://developers.gettyimages.com/en/
1028,https://developers.gfycat.com/api/
1029,https://developers.giphy.com/docs/
1030,https://developers.google.com/photos
1031,https://apilayer.com/marketplace/image_upload-api
1032,https://apidocs.imgur.com/
1033,https://imsea.herokuapp.com/
1034,https://picsum.photos/
1035,https://objectcut.com/
1036,https://www.pexels.com/api/
1037,https://www.photoroom.com/api/
1038,https://pixabay.com/sk/service/about/api/
1039,https://placekeanu.com/
1040,https://github.com/DenverCoder1/readme-typing-svg
1041,https://www.remove.bg/api
1042,https://resmush.it/api
1043,https://api-reference.shutterstock.com/
1044,https://apidocs.sirv.com/
1045,https://unsplash.com/developers
1046,https://wallhaven.cc/help/api
1047,https://www.damsuccess.com/hc/en-us/articles/202134055-REST-API
1048,https://codeforces.com/apiHelp
1049,https://www.hackerearth.com/docs/wiki/developers/v4/
1050,https://ce.judge0.com/
1051,https://kontests.net/api
1052,https://docs.mintlify.com
1053,https://api.arcsecond.io/
1054,https://arxiv.org/help/api/user-manual
1055,https://core.ac.uk/services#api
1056,https://www.gbif.org/developer/summary
1057,https://github.com/idigbio/idigbio-search-api/wiki
1058,https://github.com/inspirehep/rest-api-doc
1059,https://isevenapi.xyz/
1060,https://isro.vercel.app
1061,https://www.itis.gov/ws_description.html
1062,https://thespacedevs.com/llapi
1063,https://mpds.io
1064,http://www.asterank.com/mpc
1065,https://api.nasa.gov
1066,https://ui.adsabs.harvard.edu/help/api/api-docs.html
1067,https://newton.vercel.app
1068,https://api.noctuasky.com/api/v1/swaggerdoc/
1069,https://math.tools/api/numbers/
1070,http://numbersapi.com
1071,https://oceanfacts.herokuapp.com/
1072,http://open-notify.org/Open-Notify-API/
1073,https://developer.osf.io
1074,https://www2.purpleair.com/
1075,https://github.com/elizabethadegbaju/remotecalc
1076,https://share.osf.io/api/v2/
1077,https://github.com/r-spacex/SpaceX-API
1078,https://api.spacex.land/graphql/
1079,https://sunrise-sunset.org/api
1080,https://github.com/FranP-code/API-Times-Adder
1081,https://tle.ivanstanojevic.me/#/docs
1082,https://earthquake.usgs.gov/fdsnws/event/1/
1083,https://waterservices.usgs.gov/
1084,https://datahelpdesk.worldbank.org/knowledgebase/topics/125589
1085,https://x-math.herokuapp.com/
1086,https://github.com/fingerprintjs/aev
1087,https://docs.binaryedge.io/api-v2.html
1088,https://bitwarden.com/help/api/
1089,https://github.com/fingerprintjs/botd
1090,https://docs.bugcrowd.com/api/getting-started/
1091,https://search.censys.io/api
1092,https://classify-web.herokuapp.com/#/api
1093,https://completecriminalchecks.com/Developers
1094,https://crxcavator.io/apidocs
1095,https://github.com/Dehash-lt/api
1096,https://docs.emailrep.io/
1097,https://github.com/polarspetroll/EscapeAPI
1098,https://filterlists.com
1099,https://dev.fingerprintjs.com/docs
1100,https://www.fraudlabspro.com/developer/api/screen-order
1101,https://api-docs.fullhunt.io/#introduction
1102,https://api.gitguardian.com/doc
1103,https://docs.greynoise.io/reference/get_v3-community-ip
1104,https://api.hackerone.com/
1105,https://hashable.space/pages/api/
1106,https://haveibeenpwned.com/API/v3
1107,https://github.com/IntelligenceX/SDK/blob/master/Intelligence%20X%20API.pdf
1108,https://www.loginradius.com/docs/
1109,https://msrc.microsoft.com/report/developer
1110,https://github.com/mozilla/http-observatory/blob/master/httpobs/docs/api.md
1111,https://github.com/mozilla/tls-observatory#api-endpoints
1112,https://nvd.nist.gov/vuln/Data-Feeds/JSON-feed-changelog
1113,https://github.com/fawazsullia/password-generator/
1114,https://phishstats.info/
1115,https://privacy.com/developer/docs
1116,https://pulsedive.com/api/
1117,https://securitytrails.com/corp/apidocs
1118,https://developer.shodan.io/
1119,https://spyse-dev.readme.io/reference/quick-start
1120,https://threatjammer.com/docs/index
1121,https://data.police.uk/docs/
1122,https://api.virushee.com/
1123,https://vuldb.com/?doc.api
1124,https://bestbuyapis.github.io/api-documentation/#overview
1125,https://www.digikey.com/en/resources/api-solutions
1126,https://dummyproducts-api.herokuapp.com/
1127,https://developer.ebay.com/
1128,https://www.etsy.com/developers/documentation/getting_started/api_basics
1129,https://seller.flipkart.com/api-docs/FMSAPI.html
1130,https://open.lazada.com/doc/doc.htm
1131,https://developers.mercadolibre.cl/es_ar/api-docs-es
1132,https://octopart.com/api/v4/reference
1133,https://developer.olx.pl/api/doc#section/
1134,https://dev-portal.rappi.com/
1135,https://open.shopee.com/documents?version=1
1136,https://developer.tokopedia.com/openapi/guide/#/
1137,https://woocommerce.github.io/woocommerce-rest-api-docs/
1138,https://github.com/4chan/4chan-API
1139,https://www.ayrshare.com
1140,https://aztro.sameerkumar.website/
1141,https://developers.google.com/blogger/
1142,https://developer.ciscospark.com
1143,https://discord.riverside.rocks/docs/index.php
1144,https://discord.com/developers/docs/intro
1145,https://disqus.com/api/docs/auth/
1146,https://api.doge-meme.lol/docs
1147,https://developers.facebook.com/
1148,https://developer.foursquare.com/
1149,https://www.foaas.com
1150,https://docs.fullcontact.com/
1151,https://github.com/HackerNews/API
1152,https://hashnode.com
1153,https://www.instagram.com/developer/
1154,https://developers.kakao.com/
1155,https://github.com/Phineas/lanyard
1156,https://developers.line.biz/
1157,https://docs.microsoft.com/en-us/linkedin/?context=linkedin/context
1158,https://www.meetup.com/api/guide
1159,https://docs.microsoft.com/en-us/graph/api/overview
1160,https://developers.naver.com/main/
1161,https://docs.opencollective.com/help/developers/api
1162,https://developers.pinterest.com/
1163,https://api.producthunt.com/v2/docs
1164,https://www.reddit.com/dev/api
1165,https://developers.revolt.chat/api/
1166,https://www.saidit.net/dev/api
1167,https://api.slack.com/
1168,https://dev.tamtam.chat/
1169,https://core.telegram.org/bots/api
1170,https://core.telegram.org/api#getting-started
1171,https://telegra.ph/api
1172,https://developers.tiktok.com/doc/login-kit-web
1173,https://trashnothing.com/developer
1174,https://www.tumblr.com/docs/en/api/v2
1175,https://dev.twitch.tv/docs
1176,https://developer.twitter.com/en/docs
1177,https://vk.com/dev/sites
1178,https://www.api-football.com/documentation-v3
1179,https://apimedic.com/
1180,https://www.balldontlie.io
1181,http://api.cfl.ca/
1182,https://api.citybik.es/v2/
1183,https://www.cloudbet.com/api/
1184,https://collegefootballdata.com
1185,http://ergast.com/mrd/
1186,https://dev.fitbit.com/
1187,https://rapidapi.com/GiulianoCrescimbeni/api/football98/
1188,https://www.scorebat.com/video-api/
1189,https://github.com/azharimm/football-standings-api
1190,https://www.football-data.org
1191,https://developer.jcdecaux.com/
1192,https://appac.github.io/mlb-data-api-docs/
1193,https://rapidapi.com/api-sports/api/api-nba/
1194,https://any-api.com/nba_com/nba_com/docs/API_Description
1195,https://gitlab.com/dword4/nhlapi
1196,https://data.oddsmagnet.com
1197,https://www.openligadb.de
1198,https://rapidapi.com/heisenbug/api/premier-league-live-scores/
1199,https://sportdataapi.com
1200,https://developers.decathlon.com/products/sports
1201,https://developers.decathlon.com/products/sport-places
1202,https://developers.decathlon.com/products/sport-vision
1203,https://docs.sportmonks.com/cricket/
1204,https://docs.sportmonks.com/football/
1205,https://api.squiggle.com.au
1206,https://strava.github.io/api/
1207,https://suredbits.com/api/
1208,https://www.thesportsdb.com/api.php
1209,https://www.tredict.com/blog/oauth_docs/
1210,https://wger.de/en/software/api
1211,https://baconipsum.com/json-api/
1212,https://avatars.dicebear.com/
1213,https://random-words-api.vercel.app/word
1214,https://fakejson.com
1215,https://fakerapi.it/en
1216,https://fakestoreapi.com/
1217,https://api.generadordni.es
1218,https://itsthisforthat.com/api.php
1219,http://jsonplaceholder.typicode.com/
1220,http://loripsum.net/
1221,https://mailsac.com/docs/api
1222,http://metaphorpsum.com/
1223,https://www.mockaroo.com/docs
1224,https://quickmocker.com
1225,https://random-data-api.com
1226,https://randommer.io/randommer-api
1227,https://randomuser.me
1228,https://robohash.org/
1229,https://random-names-api.herokuapp.com/public
1230,https://palabras-aleatorias-public-api.herokuapp.com
1231,https://thispersondoesnotexist.com
1232,https://testimonialapi.toolcarton.com/
1233,https://www.uuidtools.com/docs
1234,http://whatthecommit.com/index.txt
1235,https://yesno.wtf/api
1236,https://codedetectionapi.runtime.dev
1237,https://languagelayer.com/
1238,https://docs.aylien.com/textapi/#getting-started
1239,https://www.cloudmersive.com/nlp-api
1240,https://detectlanguage.com/
1241,https://nlp.insightera.co.th/docs/v1.0
1242,https://cloud.google.com/natural-language/docs/
1243,https://ocr.hirak.site/
1244,https://translate.hirak.site/
1245,https://rapidapi.com/lecto-lecto-default/api/lecto-translation/
1246,https://libretranslate.com/docs
1247,https://semantria.readme.io/docs
1248,https://www.meaningcloud.com/developer/sentiment-analysis
1249,https://tisane.ai/
1250,https://cloud.ibm.com/apidocs/natural-language-understanding/natural-language-understanding
1251,https://developers.aftership.com/reference/quick-start
1252,https://cws.correios.com.br/ajuda
1253,https://pixe.la
1254,http://www.postalpincode.in/Api-Details
1255,http://postmon.com.br
1256,https://developer.postnord.com/api
1257,https://www.ups.com/upsdeveloperkit
1258,https://docs.wecantrack.com
1259,https://developer.whatpulse.org/#web-api
1260,https://www.adsbexchange.com/data/
1261,https://airport-web.appspot.com/api/docs/
1262,http://www.aishub.net/api
1263,https://developers.amadeus.com/self-service
1264,https://aviationstack.com/
1265,https://docs.aviationapi.com
1266,https://www.az511.com/developers/doc
1267,http://api.bart.gov
1268,https://www.bcferriesapi.ca
1269,https://docs.bic-boxtech.org/
1270,https://dev.blablacar.com
1271,https://www.mbta.com/developers/v3-api
1272,https://github.com/transitland/transitland-datastore/blob/master/README.md#api-endpoints
1273,https://rapidapi.com/obryan-software-obryan-software-default/api/compare-flight-prices/
1274,https://api.cts-strasbourg.eu/
1275,https://developer.grab.com/docs/
1276,https://docs.graphhopper.com/
1277,http://docs.apis.is/
1278,https://docs.impala.travel/docs/booking-api/
1279,http://api-docs.izi.travel/
1280,https://datamall.lta.gov.sg/content/dam/datamall/datasets/LTA_DataMall_API_User_Guide.pdf
1281,http://app.metrolisboa.pt/status/getLinhas.php
1282,https://doc.navitia.io/
1283,https://openchargemap.org/site/develop/api
1284,https://opensky-network.org/apidoc/index.html
1285,https://www.digital.sncf.com/startup/api
1286,https://www.refugerestrooms.org/api/docs/#!/restrooms
1287,https://developer.sabre.com/guides/travel-agency/quickstart/getting-started-in-travel
1288,https://developer.schiphol.nl/
1289,https://creativecommons.tankerkoenig.de/swagger/
1290,https://www.transit.land/documentation/datastore/api-endpoints.html
1291,http://www.itsmarta.com/app-developer-resources.aspx
1292,https://dev-portal.at.govt.nz/
1293,https://docs.irail.be/
1294,https://github.com/derhuerst/vbb-rest/blob/3/docs/index.md
1295,https://opendata.bordeaux-metropole.fr/explore/
1296,https://bkkfutar.docs.apiary.io
1297,http://www.transitchicago.com/developers/
1298,https://www.chaps.cz/eng/products/idos-internet
1299,http://www.rtd-denver.com/gtfs-developer-guide.shtml
1300,https://digitransit.fi/en/developers/ 
1301,http://data.deutschebahn.com/dataset/api-fahrplan
1302,https://www.mobilites-m.fr/pages/opendata/OpenDataApi.html
1303,https://opendata.rmv.de/site/start.html
1304,http://hea.thebus.org/api_info.asp
1305,https://emel.city-platform.com/opendata/
1306,https://api.tfl.gov.uk
1307,https://developer.metro.net/api/
1308,https://developer.tfgm.com/
1309,https://developer.entur.org/
1310,https://www.octranspo.com/en/plan-your-trip/travel-tools/developers
1311,http://data.ratp.fr/api/v1/console/datasets/1.0/search/
1312,http://www3.septa.org/hackathon/
1313,http://www.sptrans.com.br/desenvolvedores/api-do-olho-vivo-guia-de-referencia/documentacao-api/
1314,https://data.renfe.com/api/1/util/snippet/api_info.html?resource_id=a2368cff-1562-4dde-8466-9635ea3a572a
1315,https://www.trafiklab.se/api
1316,https://opentransportdata.swiss/en/
1317,https://transport.opendata.ch/
1318,http://www.ns.nl/reisinformatie/ns-api
1319,https://github.com/skywave/KV78Turbo-OVAPI/wiki
1320,https://myttc.ca/developers
1321,https://developer.transportapi.com
1322,https://retro.umoiq.com/xmlFeedDocs/NextBusXMLFeed.pdf
1323,https://developer.translink.ca/
1324,https://developer.wmata.com/
1325,https://transport.rest
1326,https://developer-tripadvisor.com/home/
1327,https://developer.uber.com/products
1328,https://www.velib-metropole.fr/donnees-open-data-gbfs-du-service-velib-metropole
1329,https://github.com/1pt-co/api/blob/main/README.md
1330,http://dev.bitly.com/get_started.html
1331,https://cleanuri.com/docs
1332,https://support.clickmeter.com/hc/en-us/categories/201474986
1333,https://cli.com/swagger-ui/index.html?configUrl=/v3/api-docs/swagger-config
1334,https://cutt.ly/api-documentation/cuttly-links-api
1335,https://wiki.drivet.xyz/en/url-shortener/add-links
1336,https://ulvis.net/developer.html
1337,https://github.blog/2011-11-10-git-io-github-url-shortener/
1338,https://github.com/robvanbakel/gotiny-api
1339,https://docs.kutt.it/
1340,http://mgnet.me/api.html
1341,https://owo.vc/api
1342,https://developers.rebrandly.com/v1/docs
1343,https://github.com/FayasNoushad/Short-Link-API
1344,https://shrtco.de/docs
1345,https://shrtlnk.dev/developer
1346,https://tinyurl.com/app/dev
1347,https://urlbae.com/developers
1348,https://deividfortuna.github.io/fipe/
1349,https://helipaddy.com/api/
1350,http://developer.kbb.com/#!/data/1-Default
1351,https://developer.mercedes-benz.com/apis
1352,https://vpic.nhtsa.dot.gov/api/
1353,https://smartcar.com/docs/
1354,https://anapioficeandfire.com/
1355,https://bobs-burgers-api-ui.herokuapp.com
1356,https://breakingbadapi.com/documentation
1357,https://github.com/shevabam/breaking-bad-quotes
1358,https://api.catalogopolis.xyz/docs/
1359,https://catchtheshow.herokuapp.com/api/documentation
1360,http://www.ceskatelevize.cz/xml/tv-program/
1361,https://developer.dailymotion.com/
1362,https://github.com/ywalia01/dune-api
1363,https://finalspaceapi.com/docs/
1364,https://gameofthronesquotes.xyz/
1365,https://hp-api.herokuapp.com/
1366,https://imdb-api.com/
1367,https://github.com/SpEcHiDe/IMDbOT
1368,https://json2video.com
1369,https://github.com/shadowoff09/lucifer-quotes
1370,https://github.com/DiljotSG/MCU-Countdown
1371,https://nodejs-quoteapp.herokuapp.com/
1372,https://github.com/F4R4N/movie-quote/
1373,http://www.omdbapi.com/
1374,https://owen-wilson-wow-api.herokuapp.com
1375,https://github.com/jamesseanwright/ron-swanson-quotes#ron-swanson-quotes-api
1376,https://simkl.docs.apiary.io
1377,http://stapi.co
1378,https://github.com/shadowoff09/strangerthings-quotes
1379,https://api.stream.cz/graphiql
1380,https://www.stromberg-api.de/
1381,https://swapi.dev/
1382,https://www.swapi.tech
1383,https://graphql.org/swapi-graphql
1384,https://the-one-api.dev/
1385,https://vampire-diaries-api.netlify.app/
1386,https://thronesapi.com/
1387,https://www.themoviedb.org/documentation/api
1388,https://www.traileraddict.com/trailerapi
1389,https://trakt.docs.apiary.io/
1390,https://thetvdb.com/api-information
1391,http://www.tvmaze.com/api
1392,https://rapidapi.com/unogs/api/unogsng
1393,https://developer.vimeo.com/
1394,https://api.watchmode.com/
1395,https://github.com/yogeshwaran01/web-series-quotes
1396,https://developers.google.com/youtube/
1397,http://www.7timer.info/doc.php?lang=en
1398,https://developer.accuweather.com/apis
1399,https://opendata.aemet.es/centrodedescargas/inicio
1400,https://weatherstack.com/
1401,https://www.apixu.com/doc/request.aspx
1402,https://aqicn.org/api/
1403,https://www.aviationweather.gov/dataserver
1404,https://open.caiyunapp.com/ColorfulClouds_Weather_API
1405,https://opendata.euskadi.eus/api-euskalmet/-/api-de-euskalmet/
1406,https://developer.foreca.com
1407,https://hgbrasil.com/status/weather
1408,https://www.hko.gov.hk/en/abouthko/opendata_intro.htm
1409,https://www.metaweather.com/api/
1410,https://api.met.no/weatherapi/documentation
1411,https://m3o.com/weather/api
1412,http://api.oceandrivers.com/static/docs.html
1413,https://docs.oikolab.com
1414,https://open-meteo.com/
1415,https://api.opensensemap.org/
1416,https://www.openuv.io
1417,https://openweathermap.org/api
1418,https://dev.qweather.com/en/
1419,https://www.rainviewer.com/api.html
1420,https://stormglass.io/
1421,https://docs.tomorrow.io
1422,https://www.weather.gov/documentation/services-web-api
1423,https://www.visualcrossing.com/weather-api
1424,https://github.com/robertoduessmann/weather-api
1425,https://www.weatherapi.com/
1426,https://www.weatherbit.io/api
1427,https://yandex.com/dev/weather/
