kinduff.github.io," TLS_AES_128_GCM_SHA256;TLS_AES_256_GCM_SHA384;TLS_CHACHA20_POLY1305_SHA256;TLS_ECDHE_ECDSA_WITH_AES_128_CBC_SHA;TLS_ECDHE_ECDSA_WITH_AES_256_CBC_SHA;TLS_ECDHE_RSA_WITH_AES_128_CBC_SHA;TLS_ECDHE_RSA_WITH_AES_256_CBC_SHA;TLS_ECDHE_ECDSA_WITH_AES_128_GCM_SHA256;TLS_ECDHE_ECDSA_WITH_AES_256_GCM_SHA384;TLS_ECDHE_RSA_WITH_AES_128_GCM_SHA256;TLS_ECDHE_RSA_WITH_AES_256_GCM_SHA384;TLS_ECDHE_RSA_WITH_CHACHA20_POLY1305_SHA256;TLS_ECDHE_ECDSA_WITH_CHACHA20_POLY1305_SHA256"
dukengn.github.io," TLS_AES_128_GCM_SHA256;TLS_AES_256_GCM_SHA384;TLS_CHACHA20_POLY1305_SHA256;TLS_ECDHE_ECDSA_WITH_AES_128_CBC_SHA;TLS_ECDHE_ECDSA_WITH_AES_256_CBC_SHA;TLS_ECDHE_RSA_WITH_AES_128_CBC_SHA;TLS_ECDHE_RSA_WITH_AES_256_CBC_SHA;TLS_ECDHE_ECDSA_WITH_AES_128_GCM_SHA256;TLS_ECDHE_ECDSA_WITH_AES_256_GCM_SHA384;TLS_ECDHE_RSA_WITH_AES_128_GCM_SHA256;TLS_ECDHE_RSA_WITH_AES_256_GCM_SHA384;TLS_ECDHE_RSA_WITH_CHACHA20_POLY1305_SHA256;TLS_ECDHE_ECDSA_WITH_CHACHA20_POLY1305_SHA256"
documenter.getpostman.com," TLS_AES_128_GCM_SHA256;TLS_AES_256_GCM_SHA384;TLS_CHACHA20_POLY1305_SHA256;TLS_ECDHE_ECDSA_WITH_AES_128_CBC_SHA;TLS_ECDHE_ECDSA_WITH_AES_256_CBC_SHA;TLS_ECDHE_RSA_WITH_AES_128_CBC_SHA;TLS_ECDHE_RSA_WITH_AES_256_CBC_SHA;TLS_ECDHE_ECDSA_WITH_AES_128_GCM_SHA256;TLS_ECDHE_ECDSA_WITH_AES_256_GCM_SHA384;TLS_ECDHE_RSA_WITH_AES_128_GCM_SHA256;TLS_ECDHE_RSA_WITH_AES_256_GCM_SHA384;TLS_ECDHE_RSA_WITH_CHACHA20_POLY1305_SHA256;TLS_ECDHE_ECDSA_WITH_CHACHA20_POLY1305_SHA256"
github.com," TLS_AES_128_GCM_SHA256;TLS_AES_256_GCM_SHA384;TLS_CHACHA20_POLY1305_SHA256;TLS_ECDHE_ECDSA_WITH_AES_128_CBC_SHA;TLS_ECDHE_ECDSA_WITH_AES_256_CBC_SHA;TLS_ECDHE_RSA_WITH_AES_128_CBC_SHA;TLS_ECDHE_RSA_WITH_AES_256_CBC_SHA;TLS_ECDHE_ECDSA_WITH_AES_128_GCM_SHA256;TLS_ECDHE_ECDSA_WITH_AES_256_GCM_SHA384;TLS_ECDHE_RSA_WITH_AES_128_GCM_SHA256;TLS_ECDHE_RSA_WITH_AES_256_GCM_SHA384;TLS_ECDHE_RSA_WITH_CHACHA20_POLY1305_SHA256;TLS_ECDHE_ECDSA_WITH_CHACHA20_POLY1305_SHA256"
github.com," TLS_AES_128_GCM_SHA256;TLS_AES_256_GCM_SHA384;TLS_CHACHA20_POLY1305_SHA256;TLS_ECDHE_ECDSA_WITH_AES_128_CBC_SHA;TLS_ECDHE_ECDSA_WITH_AES_256_CBC_SHA;TLS_ECDHE_RSA_WITH_AES_128_CBC_SHA;TLS_ECDHE_RSA_WITH_AES_256_CBC_SHA;TLS_ECDHE_ECDSA_WITH_AES_128_GCM_SHA256;TLS_ECDHE_ECDSA_WITH_AES_256_GCM_SHA384;TLS_ECDHE_RSA_WITH_AES_128_GCM_SHA256;TLS_ECDHE_RSA_WITH_AES_256_GCM_SHA384;TLS_ECDHE_RSA_WITH_CHACHA20_POLY1305_SHA256;TLS_ECDHE_ECDSA_WITH_CHACHA20_POLY1305_SHA256"
http.dog," TLS_AES_128_GCM_SHA256;TLS_AES_256_GCM_SHA384;TLS_CHACHA20_POLY1305_SHA256;TLS_ECDHE_ECDSA_WITH_AES_128_CBC_SHA;TLS_ECDHE_ECDSA_WITH_AES_256_CBC_SHA;TLS_ECDHE_RSA_WITH_AES_128_CBC_SHA;TLS_ECDHE_RSA_WITH_AES_256_CBC_SHA;TLS_ECDHE_ECDSA_WITH_AES_128_GCM_SHA256;TLS_ECDHE_ECDSA_WITH_AES_256_GCM_SHA384;TLS_ECDHE_RSA_WITH_AES_128_GCM_SHA256;TLS_ECDHE_RSA_WITH_AES_256_GCM_SHA384;TLS_ECDHE_RSA_WITH_CHACHA20_POLY1305_SHA256;TLS_ECDHE_ECDSA_WITH_CHACHA20_POLY1305_SHA256"
alexwohlbruck.github.io," TLS_AES_128_GCM_SHA256;TLS_AES_256_GCM_SHA384;TLS_CHACHA20_POLY1305_SHA256;TLS_ECDHE_ECDSA_WITH_AES_128_CBC_SHA;TLS_ECDHE_ECDSA_WITH_AES_256_CBC_SHA;TLS_ECDHE_RSA_WITH_AES_128_CBC_SHA;TLS_ECDHE_RSA_WITH_AES_256_CBC_SHA;TLS_ECDHE_ECDSA_WITH_AES_128_GCM_SHA256;TLS_ECDHE_ECDSA_WITH_AES_256_GCM_SHA384;TLS_ECDHE_RSA_WITH_AES_128_GCM_SHA256;TLS_ECDHE_RSA_WITH_AES_256_GCM_SHA384;TLS_ECDHE_RSA_WITH_CHACHA20_POLY1305_SHA256;TLS_ECDHE_ECDSA_WITH_CHACHA20_POLY1305_SHA256"
placekitten.com," TLS_AES_128_GCM_SHA256;TLS_AES_256_GCM_SHA384;TLS_CHACHA20_POLY1305_SHA256;TLS_ECDHE_ECDSA_WITH_AES_128_CBC_SHA;TLS_ECDHE_ECDSA_WITH_AES_256_CBC_SHA;TLS_ECDHE_RSA_WITH_AES_128_CBC_SHA;TLS_ECDHE_RSA_WITH_AES_256_CBC_SHA;TLS_ECDHE_ECDSA_WITH_AES_128_GCM_SHA256;TLS_ECDHE_ECDSA_WITH_AES_256_GCM_SHA384;TLS_ECDHE_RSA_WITH_AES_128_GCM_SHA256;TLS_ECDHE_RSA_WITH_AES_256_GCM_SHA384;TLS_ECDHE_RSA_WITH_CHACHA20_POLY1305_SHA256;TLS_ECDHE_ECDSA_WITH_CHACHA20_POLY1305_SHA256"
www.fishwatch.gov," TLS_AES_128_GCM_SHA256;TLS_AES_256_GCM_SHA384;TLS_CHACHA20_POLY1305_SHA256;TLS_ECDHE_ECDSA_WITH_AES_128_CBC_SHA;TLS_ECDHE_ECDSA_WITH_AES_256_CBC_SHA;TLS_ECDHE_RSA_WITH_AES_128_CBC_SHA;TLS_ECDHE_RSA_WITH_AES_256_CBC_SHA;TLS_ECDHE_ECDSA_WITH_AES_128_GCM_SHA256;TLS_ECDHE_ECDSA_WITH_AES_256_GCM_SHA384;TLS_ECDHE_RSA_WITH_AES_128_GCM_SHA256;TLS_ECDHE_RSA_WITH_AES_256_GCM_SHA384;TLS_ECDHE_RSA_WITH_CHACHA20_POLY1305_SHA256;TLS_ECDHE_ECDSA_WITH_CHACHA20_POLY1305_SHA256"
http.cat," TLS_AES_128_GCM_SHA256;TLS_AES_256_GCM_SHA384;TLS_CHACHA20_POLY1305_SHA256;TLS_ECDHE_ECDSA_WITH_AES_128_CBC_SHA;TLS_ECDHE_ECDSA_WITH_AES_256_CBC_SHA;TLS_ECDHE_RSA_WITH_AES_128_CBC_SHA;TLS_ECDHE_RSA_WITH_AES_256_CBC_SHA;TLS_ECDHE_ECDSA_WITH_AES_128_GCM_SHA256;TLS_ECDHE_ECDSA_WITH_AES_256_GCM_SHA384;TLS_ECDHE_RSA_WITH_AES_128_GCM_SHA256;TLS_ECDHE_RSA_WITH_AES_256_GCM_SHA384;TLS_ECDHE_RSA_WITH_CHACHA20_POLY1305_SHA256;TLS_ECDHE_ECDSA_WITH_CHACHA20_POLY1305_SHA256"
dog.ceo," TLS_AES_128_GCM_SHA256;TLS_AES_256_GCM_SHA384;TLS_CHACHA20_POLY1305_SHA256;TLS_ECDHE_ECDSA_WITH_AES_128_CBC_SHA;TLS_ECDHE_ECDSA_WITH_AES_256_CBC_SHA;TLS_ECDHE_RSA_WITH_AES_128_CBC_SHA;TLS_ECDHE_RSA_WITH_AES_256_CBC_SHA;TLS_ECDHE_ECDSA_WITH_AES_128_GCM_SHA256;TLS_ECDHE_ECDSA_WITH_AES_256_GCM_SHA384;TLS_ECDHE_RSA_WITH_AES_128_GCM_SHA256;TLS_ECDHE_RSA_WITH_AES_256_GCM_SHA384;TLS_ECDHE_RSA_WITH_CHACHA20_POLY1305_SHA256;TLS_ECDHE_ECDSA_WITH_CHACHA20_POLY1305_SHA256"
docs.thecatapi.com," TLS_AES_128_GCM_SHA256;TLS_AES_256_GCM_SHA384;TLS_CHACHA20_POLY1305_SHA256;TLS_ECDHE_ECDSA_WITH_AES_128_CBC_SHA;TLS_ECDHE_ECDSA_WITH_AES_256_CBC_SHA;TLS_ECDHE_RSA_WITH_AES_128_CBC_SHA;TLS_ECDHE_RSA_WITH_AES_256_CBC_SHA;TLS_ECDHE_ECDSA_WITH_AES_128_GCM_SHA256;TLS_ECDHE_ECDSA_WITH_AES_256_GCM_SHA384;TLS_ECDHE_RSA_WITH_AES_128_GCM_SHA256;TLS_ECDHE_RSA_WITH_AES_256_GCM_SHA384;TLS_ECDHE_RSA_WITH_CHACHA20_POLY1305_SHA256;TLS_ECDHE_ECDSA_WITH_CHACHA20_POLY1305_SHA256"
place.dog," TLS_AES_128_GCM_SHA256;TLS_AES_256_GCM_SHA384;TLS_CHACHA20_POLY1305_SHA256;TLS_ECDHE_ECDSA_WITH_AES_128_CBC_SHA;TLS_ECDHE_ECDSA_WITH_AES_256_CBC_SHA;TLS_ECDHE_RSA_WITH_AES_128_CBC_SHA;TLS_ECDHE_RSA_WITH_AES_256_CBC_SHA;TLS_ECDHE_ECDSA_WITH_AES_128_GCM_SHA256;TLS_ECDHE_ECDSA_WITH_AES_256_GCM_SHA384;TLS_ECDHE_RSA_WITH_AES_128_GCM_SHA256;TLS_ECDHE_RSA_WITH_AES_256_GCM_SHA384;TLS_ECDHE_RSA_WITH_CHACHA20_POLY1305_SHA256;TLS_ECDHE_ECDSA_WITH_CHACHA20_POLY1305_SHA256"
cataas.com," TLS_ECDHE_RSA_WITH_AES_128_CBC_SHA;TLS_ECDHE_RSA_WITH_AES_256_CBC_SHA;TLS_ECDHE_RSA_WITH_AES_128_GCM_SHA256;TLS_ECDHE_RSA_WITH_AES_256_GCM_SHA384;TLS_ECDHE_RSA_WITH_CHACHA20_POLY1305_SHA256"
apiv3.iucnredlist.org," TLS_ECDHE_RSA_WITH_AES_128_CBC_SHA;TLS_ECDHE_RSA_WITH_AES_256_CBC_SHA;TLS_ECDHE_RSA_WITH_AES_128_GCM_SHA256;TLS_ECDHE_RSA_WITH_AES_256_GCM_SHA384;TLS_ECDHE_RSA_WITH_CHACHA20_POLY1305_SHA256"
placebear.com," TLS_AES_128_GCM_SHA256;TLS_AES_256_GCM_SHA384;TLS_CHACHA20_POLY1305_SHA256;TLS_ECDHE_ECDSA_WITH_AES_128_CBC_SHA;TLS_ECDHE_ECDSA_WITH_AES_256_CBC_SHA;TLS_ECDHE_RSA_WITH_AES_128_CBC_SHA;TLS_ECDHE_RSA_WITH_AES_256_CBC_SHA;TLS_ECDHE_ECDSA_WITH_AES_128_GCM_SHA256;TLS_ECDHE_ECDSA_WITH_AES_256_GCM_SHA384;TLS_ECDHE_RSA_WITH_AES_128_GCM_SHA256;TLS_ECDHE_RSA_WITH_AES_256_GCM_SHA384;TLS_ECDHE_RSA_WITH_CHACHA20_POLY1305_SHA256;TLS_ECDHE_ECDSA_WITH_CHACHA20_POLY1305_SHA256"
random.dog," TLS_ECDHE_RSA_WITH_AES_128_CBC_SHA;TLS_ECDHE_RSA_WITH_AES_256_CBC_SHA;TLS_ECDHE_RSA_WITH_AES_128_GCM_SHA256;TLS_ECDHE_RSA_WITH_AES_256_GCM_SHA384"
www.petfinder.com," TLS_ECDHE_RSA_WITH_AES_128_CBC_SHA;TLS_ECDHE_RSA_WITH_AES_256_CBC_SHA;TLS_ECDHE_RSA_WITH_AES_128_GCM_SHA256;TLS_ECDHE_RSA_WITH_AES_256_GCM_SHA384"
